PSB,0001
PSB,0002
PSB,0003
PSB,0004
PSB,0005
PSB,0006
PSB,0007
PSB,0008
PSB,0009
PSB,0010
PSB,0011
PSB,0012
PSB,0013
PSB,0014
PSB,0015
PSB,0016
PSB,0017
PSB,0018
PSB,0019
PSB,0020
PSB,0021
PSB,0022
PSB,0023
PSB,0024
PSB,0025
PSB,0026
PSB,0027
PSB,0028
PSB,0029
PSB,0030
PSB,0031
PSB,0032
PSB,0033
PSB,0034
PSB,0035
PSB,0036
PSB,0037
PSB,0038
PSB,0039
PSB,0040
PSB,0041
PSB,0042
PSB,0043
PSB,0044
PSB,0045
PSB,0046
PSB,0047
PSB,0048
PSB,0049
PSB,0050
PSB,0051
PSB,0052
PSB,0053
PSB,0054
PSB,0055
PSB,0056
PSB,0057
PSB,0058
PSB,0059
PSB,0060
PSB,0061
PSB,0062
PSB,0063
PSB,0064
PSB,0065
PSB,0066
PSB,0067
PSB,0068
PSB,0069
PSB,0070
PSB,0071
PSB,0072
PSB,0073
PSB,0074
PSB,0075
PSB,0076
PSB,0077
PSB,0078
PSB,0079
PSB,0080
PSB,0081
PSB,0082
PSB,0083
PSB,0084
PSB,0085
PSB,0086
PSB,0087
PSB,0088
PSB,0089
PSB,0090
PSB,0091
PSB,0092
PSB,0093
PSB,0094
PSB,0095
PSB,0096
PSB,0097
PSB,0098
PSB,0099
PSB,0100
PSB,0101
PSB,0102
PSB,0103
PSB,0104
PSB,0105
PSB,0106
PSB,0107
PSB,0108
PSB,0109
PSB,0110
PSB,0111
PSB,0112
PSB,0113
PSB,0114
PSB,0115
PSB,0116
PSB,0117
PSB,0118
PSB,0119
PSB,0120
PSB,0121
PSB,0122
PSB,0123
PSB,0124
PSB,0125
PSB,0126
PSB,0127
PSB,0128
PSB,0129
PSB,0130
PSB,0131
PSB,0132
PSB,0133
PSB,0134
PSB,0135
PSB,0136
PSB,0137
PSB,0138
PSB,0139
PSB,0140
PSB,0141
PSB,0142
PSB,0143
PSB,0144
PSB,0145
PSB,0146
PSB,0147
PSB,0148
PSB,0149
PSB,0150
PSB,0151
PSB,0152
PSB,0153
PSB,0154
PSB,0155
PSB,0156
PSB,0157
PSB,0158
PSB,0159
PSB,0160
PSB,0161
PSB,0162
PSB,0163
PSB,0164
PSB,0165
PSB,0166
PSB,0167
PSB,0168
PSB,0169
PSB,0170
PSB,0171
PSB,0172
PSB,0173
PSB,0174
PSB,0175
PSB,0176
PSB,0177
PSB,0178
PSB,0179
PSB,0180
PSB,0181
PSB,0182
PSB,0183
PSB,0184
PSB,0185
PSB,0186
PSB,0187
PSB,0188
PSB,0189
PSB,0190
PSB,0191
PSB,0192
PSB,0193
PSB,0194
PSB,0195
PSB,0196
PSB,0197
PSB,0198
PSB,0199
PSB,0200
PSB,0201
PSB,0202
PSB,0203
PSB,0204
PSB,0205
PSB,0206
PSB,0207
PSB,0208
PSB,0209
PSB,0210
PSB,0211
PSB,0212
PSB,0213
PSB,0214
PSB,0215
PSB,0216
PSB,0217
PSB,0218
PSB,0219
PSB,0220
PSB,0221
PSB,0222
PSB,0223
PSB,0224
PSB,0225
PSB,0226
PSB,0227
PSB,0228
PSB,0229
PSB,0230
PSB,0231
PSB,0232
PSB,0233
PSB,0234
PSB,0235
PSB,0236
PSB,0237
PSB,0238
PSB,0239
PSB,0240
PSB,0241
PSB,0242
PSB,0243
PSB,0244
PSB,0245
PSB,0246
PSB,0247
PSB,0248
PSB,0249
PSB,0250
PSB,0251
PSB,0252
PSB,0253
PSB,0254
PSB,0255
PSB,0256
PSB,0257
PSB,0258
PSB,0259
PSB,0260
PSB,0261
PSB,0262
PSB,0263
PSB,0264
PSB,0265
PSB,0266
PSB,0267
PSB,0268
PSB,0269
PSB,0270
PSB,0271
PSB,0272
PSB,0273
PSB,0274
PSB,0275
PSB,0276
PSB,0277
PSB,0278
PSB,0279
PSB,0280
PSB,0281
PSB,0282
PSB,0283
PSB,0284
PSB,0285
PSB,0286
PSB,0287
PSB,0288
PSB,0289
PSB,0290
PSB,0291
PSB,0292
PSB,0293
PSB,0294
PSB,0295
PSB,0296
PSB,0297
PSB,0298
PSB,0299
PSB,0300
PSB,0301
PSB,0302
PSB,0303
PSB,0304
PSB,0305
PSB,0306
PSB,0307
PSB,0308
PSB,0309
PSB,0310
PSB,0311
PSB,0312
PSB,0313
PSB,0314
PSB,0315
PSB,0316
PSB,0317
PSB,0318
PSB,0319
PSB,0320
PSB,0321
PSB,0322
PSB,0323
PSB,0324
PSB,0325
PSB,0326
PSB,0327
PSB,0328
PSB,0329
PSB,0330
PSB,0331
PSB,0332
PSB,0333
PSB,0334
PSB,0335
PSB,0336
PSB,0337
PSB,0338
PSB,0339
PSB,0340
PSB,0341
PSB,0342
PSB,0343
PSB,0344
PSB,0345
PSB,0346
PSB,0347
PSB,0348
PSB,0349
PSB,0350
PSB,0351
PSB,0352
PSB,0353
PSB,0354
PSB,0355
PSB,0356
PSB,0357
PSB,0358
PSB,0359
PSB,0360
PSB,0361
PSB,0362
PSB,0363
PSB,0364
PSB,0365
PSB,0366
PSB,0367
PSB,0368
PSB,0369
PSB,0370
PSB,0371
PSB,0372
PSB,0373
PSB,0374
PSB,0375
PSB,0376
PSB,0377
PSB,0378
PSB,0379
PSB,0380
PSB,0381
PSB,0382
PSB,0383
PSB,0384
PSB,0385
PSB,0386
PSB,0387
PSB,0388
PSB,0389
PSB,0390
PSB,0391
PSB,0392
PSB,0393
PSB,0394
PSB,0395
PSB,0396
PSB,0397
PSB,0398
PSB,0399
PSB,0400
PSB,0401
PSB,0402
PSB,0403
PSB,0404
PSB,0405
PSB,0406
PSB,0407
PSB,0408
PSB,0409
PSB,0410
PSB,0411
PSB,0412
PSB,0413
PSB,0414
PSB,0415
PSB,0416
PSB,0417
PSB,0418
PSB,0419
PSB,0420
PSB,0421
PSB,0422
PSB,0423
PSB,0424
PSB,0425
PSB,0426
PSB,0427
PSB,0428
PSB,0429
PSB,0430
PSB,0431
PSB,0432
PSB,0433
PSB,0434
PSB,0435
PSB,0436
PSB,0437
PSB,0438
PSB,0439
PSB,0440
PSB,0441
PSB,0442
PSB,0443
PSB,0444
PSB,0445
PSB,0446
PSB,0447
PSB,0448
PSB,0449
PSB,0450
PSB,0451
PSB,0452
PSB,0453
PSB,0454
PSB,0455
PSB,0456
PSB,0457
PSB,0458
PSB,0459
PSB,0460
PSB,0461
PSB,0462
PSB,0463
PSB,0464
PSB,0465
PSB,0466
PSB,0467
PSB,0468
PSB,0469
PSB,0470
PSB,0471
PSB,0472
PSB,0473
PSB,0474
PSB,0475
PSB,0476
PSB,0477
PSB,0478
PSB,0479
PSB,0480
PSB,0481
PSB,0482
PSB,0483
PSB,0484
PSB,0485
PSB,0486
PSB,0487
PSB,0488
PSB,0489
PSB,0490
PSB,0491
PSB,0492
PSB,0493
PSB,0494
PSB,0495
PSB,0496
PSB,0497
PSB,0498
PSB,0499
PSB,0500
PSB,0501
PSB,0502
PSB,0503
PSB,0504
PSB,0505
PSB,0506
PSB,0507
PSB,0508
PSB,0509
PSB,0510
PSB,0511
PSB,0512
PSB,0513
PSB,0514
PSB,0515
PSB,0516
PSB,0517
PSB,0518
PSB,0519
PSB,0520
PSB,0521
PSB,0522
PSB,0523
PSB,0524
PSB,0525
PSB,0526
PSB,0527
PSB,0528
PSB,0529
PSB,0530
PSB,0531
PSB,0532
PSB,0533
PSB,0534
PSB,0535
PSB,0536
PSB,0537
PSB,0538
PSB,0539
PSB,0540
PSB,0541
PSB,0542
PSB,0543
PSB,0544
PSB,0545
PSB,0546
PSB,0547
PSB,0548
PSB,0549
PSB,0550
PSB,0551
PSB,0552
PSB,0553
PSB,0554
PSB,0555
PSB,0556
PSB,0557
PSB,0558
PSB,0559
PSB,0560
PSB,0561
PSB,0562
PSB,0563
PSB,0564
PSB,0565
PSB,0566
PSB,0567
PSB,0568
PSB,0569
PSB,0570
PSB,0571
PSB,0572
PSB,0573
PSB,0574
PSB,0575
PSB,0576
PSB,0577
PSB,0578
PSB,0579
PSB,0580
PSB,0581
PSB,0582
PSB,0583
PSB,0584
PSB,0585
PSB,0586
PSB,0587
PSB,0588
PSB,0589
PSB,0590
PSB,0591
PSB,0592
PSB,0593
PSB,0594
PSB,0595
PSB,0596
PSB,0597
PSB,0598
PSB,0599
PSB,0600
PSB,0601
PSB,0602
PSB,0603
PSB,0604
PSB,0605
PSB,0606
PSB,0607
PSB,0608
PSB,0609
PSB,0610
PSB,0611
PSB,0612
PSB,0613
PSB,0614
PSB,0615
PSB,0616
PSB,0617
PSB,0618
PSB,0619
PSB,0620
PSB,0621
PSB,0622
PSB,0623
PSB,0624
PSB,0625
PSB,0626
PSB,0627
PSB,0628
PSB,0629
PSB,0630
PSB,0631
PSB,0632
PSB,0633
PSB,0634
PSB,0635
PSB,0636
PSB,0637
PSB,0638
PSB,0639
PSB,0640
PSB,0641
PSB,0642
PSB,0643
PSB,0644
PSB,0645
PSB,0646
PSB,0647
PSB,0648
PSB,0649
PSB,0650
PSB,0651
PSB,0652
PSB,0653
PSB,0654
PSB,0655
PSB,0656
PSB,0657
PSB,0658
PSB,0659
PSB,0660
PSB,0661
PSB,0662
PSB,0663
PSB,0664
PSB,0665
PSB,0666
PSB,0667
PSB,0668
PSB,0669
PSB,0670
PSB,0671
PSB,0672
PSB,0673
PSB,0674
PSB,0675
PSB,0676
PSB,0677
PSB,0678
PSB,0679
PSB,0680
PSB,0681
PSB,0682
PSB,0683
PSB,0684
PSB,0685
PSB,0686
PSB,0687
PSB,0688
PSB,0689
PSB,0690
PSB,0691
PSB,0692
PSB,0693
PSB,0694
PSB,0695
PSB,0696
PSB,0697
PSB,0698
PSB,0699
PSB,0700
PSB,0701
PSB,0702
PSB,0703
PSB,0704
PSB,0705
PSB,0706
PSB,0707
PSB,0708
PSB,0709
PSB,0710
PSB,0711
PSB,0712
PSB,0713
PSB,0714
PSB,0715
PSB,0716
PSB,0717
PSB,0718
PSB,0719
PSB,0720
PSB,0721
PSB,0722
PSB,0723
PSB,0724
PSB,0725
PSB,0726
PSB,0727
PSB,0728
PSB,0729
PSB,0730
PSB,0731
PSB,0732
PSB,0733
PSB,0734
PSB,0735
PSB,0736
PSB,0737
PSB,0738
PSB,0739
PSB,0740
PSB,0741
PSB,0742
PSB,0743
PSB,0744
PSB,0745
PSB,0746
PSB,0747
PSB,0748
PSB,0749
PSB,0750
PSB,0751
PSB,0752
PSB,0753
PSB,0754
PSB,0755
PSB,0756
PSB,0757
PSB,0758
PSB,0759
PSB,0760
PSB,0761
PSB,0762
PSB,0763
PSB,0764
PSB,0765
PSB,0766
PSB,0767
PSB,0768
PSB,0769
PSB,0770
PSB,0771
PSB,0772
PSB,0773
PSB,0774
PSB,0775
PSB,0776
PSB,0777
PSB,0778
PSB,0779
PSB,0780
PSB,0781
PSB,0782
PSB,0783
PSB,0784
PSB,0785
PSB,0786
PSB,0787
PSB,0788
PSB,0789
PSB,0790
PSB,0791
PSB,0792
PSB,0793
PSB,0794
PSB,0795
PSB,0796
PSB,0797
PSB,0798
PSB,0799
PSB,0800
PSB,0801
PSB,0802
PSB,0803
PSB,0804
PSB,0805
PSB,0806
PSB,0807
PSB,0808
PSB,0809
PSB,0810
PSB,0811
PSB,0812
PSB,0813
PSB,0814
PSB,0815
PSB,0816
PSB,0817
PSB,0818
PSB,0819
PSB,0820
PSB,0821
PSB,0822
PSB,0823
PSB,0824
PSB,0825
PSB,0826
PSB,0827
PSB,0828
PSB,0829
PSB,0830
PSB,0831
PSB,0832
PSB,0833
PSB,0834
PSB,0835
PSB,0836
PSB,0837
PSB,0838
PSB,0839
PSB,0840
PSB,0841
PSB,0842
PSB,0843
PSB,0844
PSB,0845
PSB,0846
PSB,0847
PSB,0848
PSB,0849
PSB,0850
PSB,0851
PSB,0852
PSB,0853
PSB,0854
PSB,0855
PSB,0856
PSB,0857
PSB,0858
PSB,0859
PSB,0860
PSB,0861
PSB,0862
PSB,0863
PSB,0864
PSB,0865
PSB,0866
PSB,0867
PSB,0868
PSB,0869
PSB,0870
PSB,0871
PSB,0872
PSB,0873
PSB,0874
PSB,0875
PSB,0876
PSB,0877
PSB,0878
PSB,0879
PSB,0880
PSB,0881
PSB,0882
PSB,0883
PSB,0884
PSB,0885
PSB,0886
PSB,0887
PSB,0888
PSB,0889
PSB,0890
PSB,0891
PSB,0892
PSB,0893
PSB,0894
PSB,0895
PSB,0896
PSB,0897
PSB,0898
PSB,0899
PSB,0900
PSB,0901
PSB,0902
PSB,0903
PSB,0904
PSB,0905
PSB,0906
PSB,0907
PSB,0908
PSB,0909
PSB,0910
PSB,0911
PSB,0912
PSB,0913
PSB,0914
PSB,0915
PSB,0916
PSB,0917
PSB,0918
PSB,0919
PSB,0920
PSB,0921
PSB,0922
PSB,0923
PSB,0924
PSB,0925
PSB,0926
PSB,0927
PSB,0928
PSB,0929
PSB,0930
PSB,0931
PSB,0932
PSB,0933
PSB,0934
PSB,0935
PSB,0936
PSB,0937
PSB,0938
PSB,0939
PSB,0940
PSB,0941
PSB,0942
PSB,0943
PSB,0944
PSB,0945
PSB,0946
PSB,0947
PSB,0948
PSB,0949
PSB,0950
PSB,0951
PSB,0952
PSB,0953
PSB,0954
PSB,0955
PSB,0956
PSB,0957
PSB,0958
PSB,0959
PSB,0960
PSB,0961
PSB,0962
PSB,0963
PSB,0964
PSB,0965
PSB,0966
PSB,0967
PSB,0968
PSB,0969
PSB,0970
PSB,0971
PSB,0972
PSB,0973
PSB,0974
PSB,0975
PSB,0976
PSB,0977
PSB,0978
PSB,0979
PSB,0980
PSB,0981
PSB,0982
PSB,0983
PSB,0984
PSB,0985
PSB,0986
PSB,0987
PSB,0988
PSB,0989
PSB,0990
PSB,0991
PSB,0992
PSB,0993
PSB,0994
PSB,0995
PSB,0996
PSB,0997
PSB,0998
PSB,0999
PSB,1000
PSB,1001
PSB,1002
PSB,1003
PSB,1004
PSB,1005
PSB,1006
PSB,1007
PSB,1008
PSB,1009
PSB,1010
PSB,1011
PSB,1012
PSB,1013
PSB,1014
PSB,1015
PSB,1016
PSB,1017
PSB,1018
PSB,1019
PSB,1020
PSB,1021
PSB,1022
PSB,1023
PSB,1024
PSB,1025
PSB,1026
PSB,1027
PSB,1028
PSB,1029
PSB,1030
PSB,1031
PSB,1032
PSB,1033
PSB,1034
PSB,1035
PSB,1036
PSB,1037
PSB,1038
PSB,1039
PSB,1040
PSB,1041
PSB,1042
PSB,1043
PSB,1044
PSB,1045
PSB,1046
PSB,1047
PSB,1048
PSB,1049
PSB,1050
PSB,1051
PSB,1052
PSB,1053
PSB,1054
PSB,1055
PSB,1056
PSB,1057
PSB,1058
PSB,1059
PSB,1060
PSB,1061
PSB,1062
PSB,1063
PSB,1064
PSB,1065
PSB,1066
PSB,1067
PSB,1068
PSB,1069
PSB,1070
PSB,1071
PSB,1072
PSB,1073
PSB,1074
PSB,1075
PSB,1076
PSB,1077
PSB,1078
PSB,1079
PSB,1080
PSB,1081
PSB,1082
PSB,1083
PSB,1084
PSB,1085
PSB,1086
PSB,1087
PSB,1088
PSB,1089
PSB,1090
PSB,1091
PSB,1092
PSB,1093
PSB,1094
PSB,1095
PSB,1096
PSB,1097
PSB,1098
PSB,1099
PSB,1100
PSB,1101
PSB,1102
PSB,1103
PSB,1104
PSB,1105
PSB,1106
PSB,1107
PSB,1108
PSB,1109
PSB,1110
PSB,1111
PSB,1112
PSB,1113
PSB,1114
PSB,1115
PSB,1116
PSB,1117
PSB,1118
PSB,1119
PSB,1120
PSB,1121
PSB,1122
PSB,1123
PSB,1124
PSB,1125
PSB,1126
PSB,1127
PSB,1128
PSB,1129
PSB,1130
PSB,1131
PSB,1132
PSB,1133
PSB,1134
PSB,1135
PSB,1136
PSB,1137
PSB,1138
PSB,1139
PSB,1140
PSB,1141
PSB,1142
PSB,1143
PSB,1144
PSB,1145
PSB,1146
PSB,1147
PSB,1148
PSB,1149
PSB,1150
PSB,1151
PSB,1152
PSB,1153
PSB,1154
PSB,1155
PSB,1156
PSB,1157
PSB,1158
PSB,1159
PSB,1160
PSB,1161
PSB,1162
PSB,1163
PSB,1164
PSB,1165
PSB,1166
PSB,1167
PSB,1168
PSB,1169
PSB,1170
PSB,1171
PSB,1172
PSB,1173
PSB,1174
PSB,1175
PSB,1176
PSB,1177
PSB,1178
PSB,1179
PSB,1180
PSB,1181
PSB,1182
PSB,1183
PSB,1184
PSB,1185
