XB,BigFanOfSlatter1
Dux,Chainsawmila
Dux,Caseyman
1RPC,Wokin
1RPC,Luxas
1RPC,isandrin
1RPC,Necron
1RPC,Barnet
1RPC,Arphall
1RPC,Alvahryn
1RPC,Kamimata
SAMYPink,GeorgeNelson
MEG,Malvecino2
MEG,Uninsightful
SAMYPink,Rgar22
MEG,BuffTheHarasser
MEG,Isidelle
MEG,ShotgunGoPow
MEG,rxgMaverick
1KPM,Leptons
BG4G,OrangePearl
BG4G,DaniSantini
XC,Term
XC,Romoslayer
Zulf,Macwilliam
Zulf,PackRatPoison
Zulf,Crabburito
VKTZ,Canucckx
VKTZ,ExoticMercury
HSR,Crayper
HSR,LDVinci
HSR,MiderFider
HSR,Kapit
HSR,MishaKrailo
HSR,RISLEET
HSR,XXartikXX
HSR,PouchOfChaos
HSR,Nira0
HSR,Logan
HSR,Va1ver
HSR,Monaxys
HSR,psi
HSR,Hero